180,'{"Seed":3612673878,"SeedV2":3612673878,"ExpirationTime":"2100-01-01T00:00:00Z"}',{"ActiveEvents":["Year05"]}
179,'{"Seed":1548537513,"SeedV2":1548537513,"ExpirationTime":"2100-01-01T00:00:00Z"}',{"ActiveEvents":[""]}
178,'{"Seed":345799,"SeedV2":345799,"ExpirationTime":"2100-01-01T00:00:00Z"}',{"ActiveEvents":[""]}
177,'{"Seed":2299715386,"SeedV2":2299715386,"ExpirationTime":"2100-01-01T00:00:00Z"}',{"ActiveEvents":[""]}
176,'{"Seed":2292833010,"SeedV2":2292833010,"ExpirationTime":"2100-01-01T00:00:00Z"}',{"ActiveEvents":[""]}
175,'{"Seed":64284013,"SeedV2":64284013,"ExpirationTime":"2100-01-01T00:00:00Z"}',{"ActiveEvents":["LunarFestival2023"]}
174,'{"Seed":53284948,"SeedV2":53284948,"ExpirationTime":"2100-01-01T00:00:00Z"}',{"ActiveEvents":["LunarFestival2023"]}
173,'{"Seed":17302019,"SeedV2":17302019,"ExpirationTime":"2100-01-01T00:00:00Z"}',{"ActiveEvents":[""]}
173,'{"Seed":2447339677,"SeedV2":2447339677,"ExpirationTime":"2100-01-01T00:00:00Z"}',{"ActiveEvents":[""]}
172,'{"Seed":4175859195,"SeedV2":4175859195,"ExpirationTime":"2100-01-01T00:00:00Z"}',{"ActiveEvents":[""]}
171,'{"Seed":915259912,"SeedV2":915259912,"ExpirationTime":"2100-01-01T00:00:00Z"}',{"ActiveEvents":["Xmas2022"]}
170,'{"Seed":2208627937,"SeedV2":2208627937,"ExpirationTime":"2100-01-01T00:00:00Z"}',{"ActiveEvents":["Xmas2022"]}
169,'{"Seed":1957576731,"SeedV2":1957576731,"ExpirationTime":"2100-01-01T00:00:00Z"}',{"ActiveEvents":["Xmas2022"]}
168,'{"Seed":1208406893,"SeedV2":1208406893,"ExpirationTime":"2100-01-01T00:00:00Z"}',{"ActiveEvents":[""]}
167,'{"Seed":55936418,"SeedV2":55936418,"ExpirationTime":"2100-01-01T00:00:00Z"}',{"ActiveEvents":[""]}
166,'{"Seed":2100157499,"SeedV2":2100157499,"ExpirationTime":"2100-01-01T00:00:00Z"}',{"ActiveEvents":[""]}
165,'{"Seed":9336201,"SeedV2":9336201,"ExpirationTime":"2100-01-01T00:00:00Z"}',{"ActiveEvents":[""]}
164,'{"Seed":3325792159,"SeedV2":3325792159,"ExpirationTime":"2100-01-01T00:00:00Z"}',{"ActiveEvents":[""]}
163,'{"Seed":24584328,"SeedV2":24584328,"ExpirationTime":"2100-01-01T00:00:00Z"}',{"ActiveEvents":[""]}
162,'{"Seed":2495444811,"SeedV2":2495444811,"ExpirationTime":"2100-01-01T00:00:00Z"}',{"ActiveEvents":["Halloween2022"]}
161,'{"Seed":4282007030,"SeedV2":4282007030,"ExpirationTime":"2100-01-01T00:00:00Z"}',{"ActiveEvents":["Halloween2022"]}
160,'{"Seed":2497457359,"SeedV2":2497457359,"ExpirationTime":"2100-01-01T00:00:00Z"}',{"ActiveEvents":[""]}
159,'{"Seed":1027742581,"SeedV2":1027742581,"ExpirationTime":"2100-01-01T00:00:00Z"}',{"ActiveEvents":[""]}
158,'{"Seed":1246332814,"SeedV2":1246332814,"ExpirationTime":"2100-01-01T00:00:00Z"}',{"ActiveEvents":["Oktoberfest"]}
157,'{"Seed":4047100427,"SeedV2":4047100427,"ExpirationTime":"2100-01-01T00:00:00Z"}',{"ActiveEvents":["Oktoberfest"]}
156,'{"Seed":4183416793,"SeedV2":4183416793,"ExpirationTime":"2100-01-01T00:00:00Z"}',{"ActiveEvents":["Oktoberfest"]}
155,'{"Seed":2646148811,"SeedV2":2646148811,"ExpirationTime":"2100-01-01T00:00:00Z"}',{"ActiveEvents":[""]}
154,'{"Seed":2357971011,"SeedV2":2357971011,"ExpirationTime":"2100-01-01T00:00:00Z"}',{"ActiveEvents":[""]}
153,'{"Seed":3699734257,"SeedV2":3699734257,"ExpirationTime":"2100-01-01T00:00:00Z"}',{"ActiveEvents":[""]}
152,'{"Seed":2603781769,"SeedV2":2603781769,"ExpirationTime":"2100-01-01T00:00:00Z"}',{"ActiveEvents":[""]}
151,'{"Seed":1058533019,"SeedV2":1058533019,"ExpirationTime":"2100-01-01T00:00:00Z"}',{"ActiveEvents":[""]}
150,'{"Seed":1614119939,"SeedV2":1614119939,"ExpirationTime":"2100-01-01T00:00:00Z"}',{"ActiveEvents":[""]}
149,'{"Seed":3705538791,"SeedV2":3705538791,"ExpirationTime":"2100-01-01T00:00:00Z"}',{"ActiveEvents":[""]}
148,'{"Seed":897073810,"SeedV2":897073810,"ExpirationTime":"2100-01-01T00:00:00Z"}',{"ActiveEvents":[""]}
147,'{"Seed":2406381865,"SeedV2":2406381865,"ExpirationTime":"2100-01-01T00:00:00Z"}',{"ActiveEvents":[""]}
146,'{"Seed":3676333833,"SeedV2":3676333833,"ExpirationTime":"2100-01-01T00:00:00Z"}',{"ActiveEvents":["BeachParty"]}
145,'{"Seed":1305006093,"SeedV2":1305006093,"ExpirationTime":"2100-01-01T00:00:00Z"}',{"ActiveEvents":["BeachParty"]}
144,'{"Seed":3010393980,"SeedV2":3010393980,"ExpirationTime":"2100-01-01T00:00:00Z"}',{"ActiveEvents":["BeachParty"]}
143,'{"Seed":34332551,"SeedV2":34332551,"ExpirationTime":"2100-01-01T00:00:00Z"}',{"ActiveEvents":[""]}
142,'{"Seed":2341946094,"SeedV2":2341946094,"ExpirationTime":"2100-01-01T00:00:00Z"}',{"ActiveEvents":[""]}
141,'{"Seed":4063720098,"SeedV2":4063720098,"ExpirationTime":"2100-01-01T00:00:00Z"}',{"ActiveEvents":[""]}
140,'{"Seed":2671425074,"SeedV2":2671425074,"ExpirationTime":"2100-01-01T00:00:00Z"}',{"ActiveEvents":[""]}
139,'{"Seed":4088056935,"SeedV2":4088056935,"ExpirationTime":"2100-01-01T00:00:00Z"}',{"ActiveEvents":[""]}
138,'{"Seed":2916679213,"SeedV2":2916679213,"ExpirationTime":"2100-01-01T00:00:00Z"}',{"ActiveEvents":[""]}
137,'{"Seed":238590152,"SeedV2":238590152,"ExpirationTime":"2100-01-01T00:00:00Z"}',{"ActiveEvents":[""]}
136,'{"Seed":585053766,"SeedV2":585053766,"ExpirationTime":"2100-01-01T00:00:00Z"}',{"ActiveEvents":[""]}
135,'{"Seed":482707241,"SeedV2":482707241,"ExpirationTime":"2100-01-01T00:00:00Z"}',{"ActiveEvents":[""]}
134,'{"Seed":1850985369,"SeedV2":1850985369,"ExpirationTime":"2100-01-01T00:00:00Z"}',{"ActiveEvents":["GreatEggHunt"]}
133,'{"Seed":1855204199,"SeedV2":1855204199,"ExpirationTime":"2100-01-01T00:00:00Z"}',{"ActiveEvents":["GreatEggHunt"]}
132,'{"Seed":3822179595,"SeedV2":3822179595,"ExpirationTime":"2100-01-01T00:00:00Z"}',{"ActiveEvents":[""]}
131,'{"Seed":2022907382,"SeedV2":2022907382,"ExpirationTime":"2100-01-01T00:00:00Z"}',{"ActiveEvents":[""]}
130,'{"Seed":3540345438,"SeedV2":3540345438,"ExpirationTime":"2100-01-01T00:00:00Z"}',{"ActiveEvents":[""]}
129,'{"Seed":360600801,"SeedV2":360600801,"ExpirationTime":"2100-01-01T00:00:00Z"}',{"ActiveEvents":[""]}
128,'{"Seed":778847304,"SeedV2":778847304,"ExpirationTime":"2100-01-01T00:00:00Z"}',{"ActiveEvents":[""]}
127,'{"Seed":2548152425,"SeedV2":2548152425,"ExpirationTime":"2100-01-01T00:00:00Z"}',{"ActiveEvents":[""]}
126,'{"Seed":978788711,"SeedV2":978788711,"ExpirationTime":"2100-01-01T00:00:00Z"}',{"ActiveEvents":[""]}
125,'{"Seed":1121997788,"SeedV2":1121997788,"ExpirationTime":"2100-01-01T00:00:00Z"}',{"ActiveEvents":[""]}
124,'{"Seed":3342738588,"SeedV2":3342738588,"ExpirationTime":"2100-01-01T00:00:00Z"}',{"ActiveEvents":[""]}
123,'{"Seed":889476702,"SeedV2":889476702,"ExpirationTime":"2100-01-01T00:00:00Z"}',{"ActiveEvents":["LunarFestival"]}
122,'{"Seed":3759848501,"SeedV2":3759848501,"ExpirationTime":"2100-01-01T00:00:00Z"}',{"ActiveEvents":[""]}
121,'{"Seed":1629577529,"SeedV2":1629577529,"ExpirationTime":"2100-01-01T00:00:00Z"}',{"ActiveEvents":[""]}
120,'{"Seed":2978985698,"SeedV2":2978985698,"ExpirationTime":"2100-01-01T00:00:00Z"}',{"ActiveEvents":[""]}
119,'{"Seed":571566190,"SeedV2":571566190,"ExpirationTime":"2100-01-01T00:00:00Z"}',{"ActiveEvents":["Xmas2021"]}
118,'{"Seed":115278228,"SeedV2":115278228,"ExpirationTime":"2100-01-01T00:00:00Z"}',{"ActiveEvents":["Xmas2021"]}
117,'{"Seed":912177614,"SeedV2":912177614,"ExpirationTime":"2100-01-01T00:00:00Z"}',{"ActiveEvents":["Xmas2021"]}
116,'{"Seed":594998802,"SeedV2":594998802,"ExpirationTime":"2100-01-01T00:00:00Z"}',{"ActiveEvents":[""]}
115,'{"Seed":2758629646,"SeedV2":2758629646,"ExpirationTime":"2100-01-01T00:00:00Z"}',{"ActiveEvents":[""]}
114,'{"Seed":1946138399,"SeedV2":1946138399,"ExpirationTime":"2100-01-01T00:00:00Z"}',{"ActiveEvents":[""]}
113,'{"Seed":822483547,"SeedV2":822483547,"ExpirationTime":"2100-01-01T00:00:00Z"}',{"ActiveEvents":[""]}
112,'{"Seed":1749439021,"SeedV2":1749439021,"ExpirationTime":"2100-01-01T00:00:00Z"}',{"ActiveEvents":[""]}
111,'{"Seed":517153551,"SeedV2":517153551,"ExpirationTime":"2100-01-01T00:00:00Z"}',{"ActiveEvents":[""]}
110,'{"Seed":4050420743,"SeedV2":4050420743,"ExpirationTime":"2100-01-01T00:00:00Z"}',{"ActiveEvents":["Halloween2021"]}
109,'{"Seed":3709602013,"SeedV2":3709602013,"ExpirationTime":"2100-01-01T00:00:00Z"}',{"ActiveEvents":["Halloween2021"]}
108,'{"Seed":1169891667,"SeedV2":1169891667,"ExpirationTime":"2100-01-01T00:00:00Z"}',{"ActiveEvents":[""]}
107,'{"Seed":669402466,"SeedV2":669402466,"ExpirationTime":"2100-01-01T00:00:00Z"}',{"ActiveEvents":[""]}
106,'{"Seed":52990441,"SeedV2":52990441,"ExpirationTime":"2100-01-01T00:00:00Z"}',{"ActiveEvents":[""]}
105,'{"Seed":3780047724,"SeedV2":3780047724,"ExpirationTime":"2100-01-01T00:00:00Z"}',{"ActiveEvents":[""]}
104,'{"Seed":1475535139,"SeedV2":1475535139,"ExpirationTime":"2100-01-01T00:00:00Z"}',{"ActiveEvents":[""]}
103,'{"Seed":2540190740,"SeedV2":2540190740,"ExpirationTime":"2100-01-01T00:00:00Z"}',{"ActiveEvents":[""]}
102,'{"Seed":1556673067,"SeedV2":1556673067,"ExpirationTime":"2100-01-01T00:00:00Z"}',{"ActiveEvents":[""]}
101,'{"Seed":1289398868,"SeedV2":1289398868,"ExpirationTime":"2100-01-01T00:00:00Z"}',{"ActiveEvents":[""]}
100,'{"Seed":3766121651,"SeedV2":3766121651,"ExpirationTime":"2100-01-01T00:00:00Z"}',{"ActiveEvents":[""]}
99,'{"Seed":3158071738,"SeedV2":3158071738,"ExpirationTime":"2100-01-01T00:00:00Z"}',{"ActiveEvents":[""]}
98,'{"Seed":2591567106,"SeedV2":2591567106,"ExpirationTime":"2100-01-01T00:00:00Z"}',{"ActiveEvents":[""]}
97,'{"Seed":3885430420,"SeedV2":3885430420,"ExpirationTime":"2100-01-01T00:00:00Z"}',{"ActiveEvents":[""]}
96,'{"Seed":410626660,"SeedV2":410626660,"ExpirationTime":"2100-01-01T00:00:00Z"}',{"ActiveEvents":[""]}
95,'{"Seed":1270305272,"SeedV2":1270305272,"ExpirationTime":"2100-01-01T00:00:00Z"}',{"ActiveEvents":[""]}
94,'{"Seed":2994209433,"SeedV2":2994209433,"ExpirationTime":"2100-01-01T00:00:00Z"}',{"ActiveEvents":[""]}
93,'{"Seed":4284606362,"SeedV2":4284606362,"ExpirationTime":"2100-01-01T00:00:00Z"}',{"ActiveEvents":[""]}
92,'{"Seed":3568294429,"SeedV2":3568294429,"ExpirationTime":"2100-01-01T00:00:00Z"}',{"ActiveEvents":[""]}
91,'{"Seed":2523070256,"SeedV2":2523070256,"ExpirationTime":"2100-01-01T00:00:00Z"}',{"ActiveEvents":[""]}
90,'{"Seed":1708092100,"SeedV2":1708092100,"ExpirationTime":"2100-01-01T00:00:00Z"}',{"ActiveEvents":[""]}
89,'{"Seed":293853615,"SeedV2":293853615,"ExpirationTime":"2100-01-01T00:00:00Z"}',{"ActiveEvents":[""]}
88,'{"Seed":3757381693,"SeedV2":3757381693,"ExpirationTime":"2100-01-01T00:00:00Z"}',{"ActiveEvents":[""]}
87,'{"Seed":2508099385,"SeedV2":2508099385,"ExpirationTime":"2100-01-01T00:00:00Z"}',{"ActiveEvents":[""]}
86,'{"Seed":3053830642,"SeedV2":3053830642,"ExpirationTime":"2100-01-01T00:00:00Z"}',{"ActiveEvents":[""]}
85,'{"Seed":3735388880,"SeedV2":3735388880,"ExpirationTime":"2100-01-01T00:00:00Z"}',{"ActiveEvents":[""]}
84,'{"Seed":671253932,"SeedV2":671253932,"ExpirationTime":"2100-01-01T00:00:00Z"}',{"ActiveEvents":[""]}
83,'{"Seed":1950172973,"SeedV2":1950172973,"ExpirationTime":"2100-01-01T00:00:00Z"}',{"ActiveEvents":[""]}
82,'{"Seed":4280201196,"SeedV2":4280201196,"ExpirationTime":"2100-01-01T00:00:00Z"}',{"ActiveEvents":[""]}
81,'{"Seed":3910311244,"SeedV2":3910311244,"ExpirationTime":"2100-01-01T00:00:00Z"}',{"ActiveEvents":[""]}
80,'{"Seed":3172232770,"SeedV2":3172232770,"ExpirationTime":"2100-01-01T00:00:00Z"}',{"ActiveEvents":[""]}
79,'{"Seed":3418228947,"SeedV2":3418228947,"ExpirationTime":"2100-01-01T00:00:00Z"}',{"ActiveEvents":[""]}
78,'{"Seed":1841538797,"SeedV2":1841538797,"ExpirationTime":"2100-01-01T00:00:00Z"}',{"ActiveEvents":[""]}
77,'{"Seed":1868734249,"SeedV2":1868734249,"ExpirationTime":"2100-01-01T00:00:00Z"}',{"ActiveEvents":[""]}
76,'{"Seed":2746391653,"SeedV2":2746391653,"ExpirationTime":"2100-01-01T00:00:00Z"}',{"ActiveEvents":[""]}
75,'{"Seed":2149880231,"SeedV2":2149880231,"ExpirationTime":"2100-01-01T00:00:00Z"}',{"ActiveEvents":[""]}
74,'{"Seed":2474340202,"SeedV2":2474340202,"ExpirationTime":"2100-01-01T00:00:00Z"}',{"ActiveEvents":[""]}
73,'{"Seed":2880371587,"SeedV2":2880371587,"ExpirationTime":"2100-01-01T00:00:00Z"}',{"ActiveEvents":[""]}
72,'{"Seed":72475,"SeedV2":72475,"ExpirationTime":"2100-01-01T00:00:00Z"}',{"ActiveEvents":[""]}
70,'{"Seed":3204142301,"SeedV2":3204142301,"ExpirationTime":"2100-01-01T00:00:00Z"}',{"ActiveEvents":[""]}
64,'{"Seed":359218310,"SeedV2":359218310,"ExpirationTime":"2100-01-01T00:00:00Z"}',{"ActiveEvents":[""]}
44,'{"Seed":1519987632,"SeedV2":1519987632,"ExpirationTime":"2100-01-01T00:00:00Z"}',{"ActiveEvents":[""]}
34,'{"Seed":3370863382,"SeedV2":3370863382,"ExpirationTime":"2100-01-01T00:00:00Z"}',{"ActiveEvents":[""]}
31,'{"Seed":3370863382,"SeedV2":3370863382,"ExpirationTime":"2100-01-01T00:00:00Z"}',{"ActiveEvents":[""]}
