180|2023-03-02|Naked Land/Forsaken Breach|
179|2023-02-23|Useless Overlook/Dreadful Rage|
178|2023-02-16|Tainted Jewel/Fearful Luck|
177|2023-02-09|Pale Carve/Morning Summit|
176|2023-02-02|Hideous Claw/Mad Covert|
175|2023-01-26|Scout's Face/Pale Bed|
174|2023-01-19|Clouded Pearl/Corrosive Claw|
173|2023-01-13|Fathomless Point/Bloody Return|
173|2023-01-12|Glowing Comeback/Covetous End|
172|2023-01-05|Fearful Cemetery/Titanic Mouth|
171|2022-12-29|Deadly End/Brutal Wilderness|
170|2022-12-22|Outrageous Delight/Hunter's Madness|
169|2022-12-15|Eternal Anvil/Brave Sleep|
168|2022-12-08|Buried Carcass/Ruptured Level|
167|2022-12-01|Bared Benefit/Weeping Blade|
166|2022-11-24|Rapid End/Fathomless Lair|
165|2022-11-17|Corroded Hell/Xehn's Dusk|
164|2022-11-10|Feral Gate/Xehn's Look|
163|2022-11-03|Absolute Clearance/Rocky Fissure|
162|2022-10-27|Loud Bed/Burning Hook|
161|2022-10-20|Stinking Border/Fragile Split|
160|2022-10-13|Driller's Tunnel/Dead Carve|
159|2022-10-06|Unhealthy Tunnel/Mythic Keep|
158|2022-09-29|Bloodstained Arm/Frightened Reserve|
157|2022-09-22|Infernal Dump/Covetous Inland|
156|2022-09-15|Clean Reserve/Desperate Hollow|
155|2022-09-08|Wild Raid/Peeled Interest|
154|2022-09-01|Heavy Wasteland/Stinking Reserve|
153|2022-08-25|Noble Crib/Unrobed Legacy|
152|2022-08-18|Wild Abyss/Illuminated Breach|
151|2022-08-11|Bared Tomb/Calm Blackout|
150|2022-08-04|Natural Point/Whalepiper's Eclipse|
149|2022-07-28|Brave Expanse/Exposed Caves|
148|2022-07-21|Everlasting Ditch/Calm Ceiling|
147|2022-07-14|Heavy Gorge/Shattered Hideout|
146|2022-07-07|Weak End/Shattered Position|
145|2022-06-30|Natural Avalanche/Great Crypt|
144|2022-06-23|First Gods/Gunner's Enclosure|
143|2022-06-16|Devil's Killing/Cruel Bedrock|
142|2022-06-09|Madmen's Grave/Beginner's Fort|
141|2022-06-02|Devil's Shock/Fractured Sleep|
140|????-??-??|Natural Leverage/Tainted Fort|
139|????-??-??|Frozen Crater/Unknown Blade|
138|????-??-??|Barbarous Trick/Old Dump|
137|????-??-??|Covetous Position/Insane Derail|
136|????-??-??|Deadman's Fence/Decayed Heart|
135|2022-04-21|Weeping Gods/Foggy Keep|
134|2022-04-14|Bedazzled Interest/Dirty Hell|
133|2022-04-07|Old Hell/Unknown Enclosure|
132|2022-03-31|Barbarous Carve/Fearless Land|
131|2022-03-24|Wide Edge/Bronze Goods|
130|2022-03-17|Carnal Void/Burning Strike|
129|2022-03-10|Absolute Pocket/Secure Dome|
128|2022-03-03|Dry Foot/Rotten Dream|
127|2022-02-24|Meek Carcass/Secret Killing|
126|2022-02-17|Purified Dusk/Engineer's Hammer|
125|2022-02-10|Massive Let-Down/Fearless Drift|
124|2022-02-03|Peeled Sleep/Endless Walk|
123|2022-01-27|Dusty Shelter/Fast Slope|
122|2022-01-20|Bad Badland/Last Grin|
121|2022-01-13|Carnivorous Rock/Full Killing|
120|2022-01-06|Engineer's Salute/Hard Reserve|
119|2021-12-30|Everlasting Retreat/Dirty Heart|
118|2021-12-23|Massive Keep/Deep Nightfall|
117|2021-12-16|Ranger's Valley/Eternal Hook|
116|2021-12-09|Hunter's Anvil/Pale Wealth|
115|2021-12-02|Sad Void/Gangrenous Gap|
114|2021-11-25|Silent Vault/Endless Hammer|
113|2021-11-18|Gangrenous Armpit/Driller's Legacy|
112|2021-11-11|Scarred Reserve/Blue Comeback|
111|2021-11-04|Forsaken Dome/High Retreat|
110|2021-10-28|Rocky Gate/Sacred Look|
109|2021-10-21|Unveiled Field/Blunt Hand|
108|2021-10-14|Freak Arm/Driller's Bluff|
107|2021-10-07|Corrosive Scream/Stony Fear|
106|2021-09-30|Rocky Barrens/Loud End|
105|2021-09-23|Blue Fort/Sacred Den|
104|2021-09-16|Sad Nightfall/Fearless Armpit|
103|2021-09-09|Endless Strike/Murderous Chance|
102|2021-09-02|Crazy Skull/Crying Nightfall|
101|2021-08-26|Abandoned Bottom/Cold Find|
100|2021-08-19|Crying Heart/Red Sorrow|
99|2021-08-12|Bedazzled Field/Frightened Badland|
98|2021-08-05|Unveiled Retreat/Gunner's Impact|
97|2021-07-29|Bestial Mouth/Total Cemetery|
96|2021-07-22|Whalepiper's Feast/Barbarous Border|
95|2021-07-15|Gutless Pass/Big Rock|
94|2021-07-08|Bitter Comeback/Carnal Bottom|
93|2021-07-01|Heavy Den/Jagged Hold|
92|2021-06-24|Corroded Ceiling/Stale Nest|
91|2021-06-17|Rapid Gate/Warrior's Fissure|
90|2021-06-10|Unveiled Citadel/Shattered Armpit|
89|2021-06-03|Pure Leverage/Abyssal Death|
88|2021-05-27|High Wasteland/Foggy Edge|
87|2021-05-20|Ancient Drift/Raw Land|
86|2021-05-13|Foul End/Bitter Cell|
85|2021-05-06|Jagged Anvil/Eternal Death|
84|2021-04-29|Raging Overlook/Eternal End|
83|2021-04-22|Infested Soil/Fragile Pursuit|
82|2021-04-15|Hunter's Haunt/Green Valley|
81|2021-04-08|Shattered Axe/Bitter Wrath|
80|2021-04-01|Corrosive Slope/Xehn's Grave|
79|2021-03-25|Whalepiper's Let-Down/Dry Caves|
78|2021-03-18|Last Pearl/Jagged Arm|
77|2021-03-11|Gangrenous Impact/Stony Downfall|
76|2021-03-04|Compact Sleep/Raging Carve|
75|2021-02-25|Noble Legacy/Cold Hammer|
74|2021-02-18|Stale Unfortune/Barbarous Avalanche|
73|2021-02-11|Fierce Summit/Fractured Ledge|
72|2021-02-04|Gunner's Breach/Eternal Hulrum|
70|2021-01-21|Blue Inferno/Evil Eclipse|
64|2020-12-10|Carnal Drift/Massive Expanse|
44|2020-07-23|Shining Gate/Bad Cell|
34|2020-05-14|Sudden View/Naked Claw|
31|2020-04-23|Hunter's Outpost/Gutless Burrow|
